﻿<?xml version="1.0" encoding="UTF-8"?>
<MetaDataObject xmlns="http://v8.1c.ru/8.3/MDClasses" xmlns:app="http://v8.1c.ru/8.2/managed-application/core" xmlns:cfg="http://v8.1c.ru/8.1/data/enterprise/current-config" xmlns:cmi="http://v8.1c.ru/8.2/managed-application/cmi" xmlns:ent="http://v8.1c.ru/8.1/data/enterprise" xmlns:lf="http://v8.1c.ru/8.2/managed-application/logform" xmlns:style="http://v8.1c.ru/8.1/data/ui/style" xmlns:sys="http://v8.1c.ru/8.1/data/ui/fonts/system" xmlns:v8="http://v8.1c.ru/8.1/data/core" xmlns:v8ui="http://v8.1c.ru/8.1/data/ui" xmlns:web="http://v8.1c.ru/8.1/data/ui/colors/web" xmlns:win="http://v8.1c.ru/8.1/data/ui/colors/windows" xmlns:xen="http://v8.1c.ru/8.3/xcf/enums" xmlns:xpr="http://v8.1c.ru/8.3/xcf/predef" xmlns:xr="http://v8.1c.ru/8.3/xcf/readable" xmlns:xs="http://www.w3.org/2001/XMLSchema" xmlns:xsi="http://www.w3.org/2001/XMLSchema-instance" version="2.20">
	<Document uuid="a8f5a415-f31a-4554-9a70-1ac892784978">
		<InternalInfo>
			<xr:GeneratedType name="DocumentObject.Перенос" category="Object">
				<xr:TypeId>7805d70e-520d-48b8-a83b-03b8bd0c0898</xr:TypeId>
				<xr:ValueId>bd0b4514-37ab-494b-b2ee-a91d65649e64</xr:ValueId>
			</xr:GeneratedType>
			<xr:GeneratedType name="DocumentRef.Перенос" category="Ref">
				<xr:TypeId>50fa04eb-0631-499a-869d-f5420dc1b76b</xr:TypeId>
				<xr:ValueId>99d2cb6d-cffd-439a-826e-6a7180e14feb</xr:ValueId>
			</xr:GeneratedType>
			<xr:GeneratedType name="DocumentSelection.Перенос" category="Selection">
				<xr:TypeId>6ea4a25c-f2e0-4856-b9dd-0b9ac5b9651e</xr:TypeId>
				<xr:ValueId>5431840f-957f-41cb-bec2-f486425361b8</xr:ValueId>
			</xr:GeneratedType>
			<xr:GeneratedType name="DocumentList.Перенос" category="List">
				<xr:TypeId>e4addaf1-205f-4b9b-8893-bd410cbee327</xr:TypeId>
				<xr:ValueId>ec615c09-bf9e-4183-8641-b4c40b46eb98</xr:ValueId>
			</xr:GeneratedType>
			<xr:GeneratedType name="DocumentManager.Перенос" category="Manager">
				<xr:TypeId>2317c9fb-b0be-47e7-a986-3461c6f5d535</xr:TypeId>
				<xr:ValueId>02963bec-3df1-4c09-983b-a5f04614ad4d</xr:ValueId>
			</xr:GeneratedType>
		</InternalInfo>
		<Properties>
			<Name>Перенос</Name>
			<Synonym>
				<v8:item>
					<v8:lang>ru</v8:lang>
					<v8:content>Перенос</v8:content>
				</v8:item>
			</Synonym>
			<Comment/>
			<UseStandardCommands>true</UseStandardCommands>
			<Numerator/>
			<NumberType>String</NumberType>
			<NumberLength>9</NumberLength>
			<NumberAllowedLength>Variable</NumberAllowedLength>
			<NumberPeriodicity>Nonperiodical</NumberPeriodicity>
			<CheckUnique>true</CheckUnique>
			<Autonumbering>true</Autonumbering>
			<Characteristics/>
			<BasedOn/>
			<InputByString>
				<xr:Field>Document.Перенос.StandardAttribute.Number</xr:Field>
			</InputByString>
			<CreateOnInput>Use</CreateOnInput>
			<SearchStringModeOnInputByString>Begin</SearchStringModeOnInputByString>
			<FullTextSearchOnInputByString>DontUse</FullTextSearchOnInputByString>
			<ChoiceDataGetModeOnInputByString>Directly</ChoiceDataGetModeOnInputByString>
			<DefaultObjectForm/>
			<DefaultListForm/>
			<DefaultChoiceForm/>
			<AuxiliaryObjectForm/>
			<AuxiliaryListForm/>
			<AuxiliaryChoiceForm/>
			<Posting>Allow</Posting>
			<RealTimePosting>Allow</RealTimePosting>
			<RegisterRecordsDeletion>AutoDeleteOnUnpost</RegisterRecordsDeletion>
			<RegisterRecordsWritingOnPost>WriteSelected</RegisterRecordsWritingOnPost>
			<SequenceFilling>AutoFill</SequenceFilling>
			<RegisterRecords>
				<xr:Item xsi:type="xr:MDObjectRef">AccumulationRegister.СкладМатериалов</xr:Item>
			</RegisterRecords>
			<PostInPrivilegedMode>true</PostInPrivilegedMode>
			<UnpostInPrivilegedMode>true</UnpostInPrivilegedMode>
			<IncludeHelpInContents>false</IncludeHelpInContents>
			<DataLockFields/>
			<DataLockControlMode>Managed</DataLockControlMode>
			<FullTextSearch>Use</FullTextSearch>
			<ObjectPresentation/>
			<ExtendedObjectPresentation/>
			<ListPresentation/>
			<ExtendedListPresentation/>
			<Explanation/>
			<ChoiceHistoryOnInput>Auto</ChoiceHistoryOnInput>
			<DataHistory>DontUse</DataHistory>
			<UpdateDataHistoryImmediatelyAfterWrite>false</UpdateDataHistoryImmediatelyAfterWrite>
			<ExecuteAfterWriteDataHistoryVersionProcessing>false</ExecuteAfterWriteDataHistoryVersionProcessing>
		</Properties>
		<ChildObjects>
			<Attribute uuid="3110a800-5376-4390-8e0d-1116f20038a2">
				<Properties>
					<Name>СкладОтправитель</Name>
					<Synonym>
						<v8:item>
							<v8:lang>ru</v8:lang>
							<v8:content>Склад отправитель</v8:content>
						</v8:item>
					</Synonym>
					<Comment/>
					<Type>
						<v8:Type>cfg:CatalogRef.СкладМатериалов</v8:Type>
					</Type>
					<PasswordMode>false</PasswordMode>
					<Format/>
					<EditFormat/>
					<ToolTip/>
					<MarkNegatives>false</MarkNegatives>
					<Mask/>
					<MultiLine>false</MultiLine>
					<ExtendedEdit>false</ExtendedEdit>
					<MinValue xsi:nil="true"/>
					<MaxValue xsi:nil="true"/>
					<FillFromFillingValue>false</FillFromFillingValue>
					<FillValue xsi:nil="true"/>
					<FillChecking>DontCheck</FillChecking>
					<ChoiceFoldersAndItems>Items</ChoiceFoldersAndItems>
					<ChoiceParameterLinks/>
					<ChoiceParameters/>
					<QuickChoice>Auto</QuickChoice>
					<CreateOnInput>Auto</CreateOnInput>
					<ChoiceForm/>
					<LinkByType/>
					<ChoiceHistoryOnInput>Auto</ChoiceHistoryOnInput>
					<Indexing>DontIndex</Indexing>
					<FullTextSearch>Use</FullTextSearch>
					<DataHistory>Use</DataHistory>
				</Properties>
			</Attribute>
			<Attribute uuid="7d456cfe-f73e-4b27-8e5f-81ec3b5478d0">
				<Properties>
					<Name>СкладПриниматель</Name>
					<Synonym>
						<v8:item>
							<v8:lang>ru</v8:lang>
							<v8:content>Склад приниматель</v8:content>
						</v8:item>
					</Synonym>
					<Comment/>
					<Type>
						<v8:Type>cfg:CatalogRef.СкладМатериалов</v8:Type>
					</Type>
					<PasswordMode>false</PasswordMode>
					<Format/>
					<EditFormat/>
					<ToolTip/>
					<MarkNegatives>false</MarkNegatives>
					<Mask/>
					<MultiLine>false</MultiLine>
					<ExtendedEdit>false</ExtendedEdit>
					<MinValue xsi:nil="true"/>
					<MaxValue xsi:nil="true"/>
					<FillFromFillingValue>false</FillFromFillingValue>
					<FillValue xsi:nil="true"/>
					<FillChecking>DontCheck</FillChecking>
					<ChoiceFoldersAndItems>Items</ChoiceFoldersAndItems>
					<ChoiceParameterLinks/>
					<ChoiceParameters/>
					<QuickChoice>Auto</QuickChoice>
					<CreateOnInput>Auto</CreateOnInput>
					<ChoiceForm/>
					<LinkByType/>
					<ChoiceHistoryOnInput>Auto</ChoiceHistoryOnInput>
					<Indexing>DontIndex</Indexing>
					<FullTextSearch>Use</FullTextSearch>
					<DataHistory>Use</DataHistory>
				</Properties>
			</Attribute>
			<TabularSection uuid="a545903c-6c68-47a9-8b87-208fa05fd1b6">
				<InternalInfo>
					<xr:GeneratedType name="DocumentTabularSection.Перенос.Перенос" category="TabularSection">
						<xr:TypeId>37df05ac-27b6-4b9f-81f2-c70401548651</xr:TypeId>
						<xr:ValueId>e7379014-7dc2-438a-ac85-116346921c2b</xr:ValueId>
					</xr:GeneratedType>
					<xr:GeneratedType name="DocumentTabularSectionRow.Перенос.Перенос" category="TabularSectionRow">
						<xr:TypeId>963b07eb-f4df-4775-a951-60550b64ca1d</xr:TypeId>
						<xr:ValueId>33ed5d4e-72ba-4271-9241-95b9b591a342</xr:ValueId>
					</xr:GeneratedType>
				</InternalInfo>
				<Properties>
					<Name>Перенос</Name>
					<Synonym>
						<v8:item>
							<v8:lang>ru</v8:lang>
							<v8:content>Перенос</v8:content>
						</v8:item>
					</Synonym>
					<Comment/>
					<ToolTip/>
					<FillChecking>DontCheck</FillChecking>
					<LineNumberLength>5</LineNumberLength>
				</Properties>
				<ChildObjects>
					<Attribute uuid="bd60eb27-f787-4845-a87f-3e4c4f8add54">
						<Properties>
							<Name>Материал</Name>
							<Synonym>
								<v8:item>
									<v8:lang>ru</v8:lang>
									<v8:content>Материал</v8:content>
								</v8:item>
							</Synonym>
							<Comment/>
							<Type>
								<v8:Type>cfg:CatalogRef.Номенклатура</v8:Type>
							</Type>
							<PasswordMode>false</PasswordMode>
							<Format/>
							<EditFormat/>
							<ToolTip/>
							<MarkNegatives>false</MarkNegatives>
							<Mask/>
							<MultiLine>false</MultiLine>
							<ExtendedEdit>false</ExtendedEdit>
							<MinValue xsi:nil="true"/>
							<MaxValue xsi:nil="true"/>
							<FillChecking>DontCheck</FillChecking>
							<ChoiceFoldersAndItems>Items</ChoiceFoldersAndItems>
							<ChoiceParameterLinks/>
							<ChoiceParameters>
								<app:item name="Отбор.Тип">
									<app:value xsi:type="v8:FixedArray">
										<v8:Value xsi:type="xr:DesignTimeRef">Enum.Тип.EnumValue.Сырье</v8:Value>
										<v8:Value xsi:type="xr:DesignTimeRef">Enum.Тип.EnumValue.Полуфабрикат</v8:Value>
									</app:value>
								</app:item>
							</ChoiceParameters>
							<QuickChoice>Auto</QuickChoice>
							<CreateOnInput>Auto</CreateOnInput>
							<ChoiceForm/>
							<LinkByType/>
							<ChoiceHistoryOnInput>Auto</ChoiceHistoryOnInput>
							<Indexing>DontIndex</Indexing>
							<FullTextSearch>Use</FullTextSearch>
							<DataHistory>Use</DataHistory>
						</Properties>
					</Attribute>
					<Attribute uuid="b3c6757d-4911-4a2e-8239-e052934d0fad">
						<Properties>
							<Name>Количество</Name>
							<Synonym>
								<v8:item>
									<v8:lang>ru</v8:lang>
									<v8:content>Количество</v8:content>
								</v8:item>
							</Synonym>
							<Comment/>
							<Type>
								<v8:Type>xs:decimal</v8:Type>
								<v8:NumberQualifiers>
									<v8:Digits>10</v8:Digits>
									<v8:FractionDigits>0</v8:FractionDigits>
									<v8:AllowedSign>Nonnegative</v8:AllowedSign>
								</v8:NumberQualifiers>
							</Type>
							<PasswordMode>false</PasswordMode>
							<Format/>
							<EditFormat/>
							<ToolTip/>
							<MarkNegatives>false</MarkNegatives>
							<Mask/>
							<MultiLine>false</MultiLine>
							<ExtendedEdit>false</ExtendedEdit>
							<MinValue xsi:nil="true"/>
							<MaxValue xsi:nil="true"/>
							<FillChecking>DontCheck</FillChecking>
							<ChoiceFoldersAndItems>Items</ChoiceFoldersAndItems>
							<ChoiceParameterLinks/>
							<ChoiceParameters/>
							<QuickChoice>Auto</QuickChoice>
							<CreateOnInput>Auto</CreateOnInput>
							<ChoiceForm/>
							<LinkByType/>
							<ChoiceHistoryOnInput>Auto</ChoiceHistoryOnInput>
							<Indexing>DontIndex</Indexing>
							<FullTextSearch>Use</FullTextSearch>
							<DataHistory>Use</DataHistory>
						</Properties>
					</Attribute>
				</ChildObjects>
			</TabularSection>
		</ChildObjects>
	</Document>
</MetaDataObject>