﻿<?xml version="1.0" encoding="UTF-8"?>
<MetaDataObject xmlns="http://v8.1c.ru/8.3/MDClasses" xmlns:app="http://v8.1c.ru/8.2/managed-application/core" xmlns:cfg="http://v8.1c.ru/8.1/data/enterprise/current-config" xmlns:cmi="http://v8.1c.ru/8.2/managed-application/cmi" xmlns:ent="http://v8.1c.ru/8.1/data/enterprise" xmlns:lf="http://v8.1c.ru/8.2/managed-application/logform" xmlns:style="http://v8.1c.ru/8.1/data/ui/style" xmlns:sys="http://v8.1c.ru/8.1/data/ui/fonts/system" xmlns:v8="http://v8.1c.ru/8.1/data/core" xmlns:v8ui="http://v8.1c.ru/8.1/data/ui" xmlns:web="http://v8.1c.ru/8.1/data/ui/colors/web" xmlns:win="http://v8.1c.ru/8.1/data/ui/colors/windows" xmlns:xen="http://v8.1c.ru/8.3/xcf/enums" xmlns:xpr="http://v8.1c.ru/8.3/xcf/predef" xmlns:xr="http://v8.1c.ru/8.3/xcf/readable" xmlns:xs="http://www.w3.org/2001/XMLSchema" xmlns:xsi="http://www.w3.org/2001/XMLSchema-instance" version="2.19">
	<Enum uuid="fd637201-36f4-4e1e-b780-a96a7cdd7d3a">
		<InternalInfo>
			<xr:GeneratedType name="EnumRef.Тип" category="Ref">
				<xr:TypeId>33dd5594-65db-4ee6-b033-a94aaaa0f2a4</xr:TypeId>
				<xr:ValueId>46c5da27-a631-4288-9a3b-36dcd8b5daf7</xr:ValueId>
			</xr:GeneratedType>
			<xr:GeneratedType name="EnumManager.Тип" category="Manager">
				<xr:TypeId>fb5e80e5-f954-4013-95bb-5df4921c4758</xr:TypeId>
				<xr:ValueId>a0c1a54a-3a01-480d-88ea-5c05b9ec10db</xr:ValueId>
			</xr:GeneratedType>
			<xr:GeneratedType name="EnumList.Тип" category="List">
				<xr:TypeId>f0f9b460-60bc-4c43-9bc6-6b1d08bc92a1</xr:TypeId>
				<xr:ValueId>7f9a3ca6-1e95-4984-acca-ac69ec99e536</xr:ValueId>
			</xr:GeneratedType>
		</InternalInfo>
		<Properties>
			<Name>Тип</Name>
			<Synonym>
				<v8:item>
					<v8:lang>ru</v8:lang>
					<v8:content>Тип</v8:content>
				</v8:item>
			</Synonym>
			<Comment/>
			<UseStandardCommands>false</UseStandardCommands>
			<Characteristics/>
			<QuickChoice>true</QuickChoice>
			<ChoiceMode>BothWays</ChoiceMode>
			<DefaultListForm/>
			<DefaultChoiceForm/>
			<AuxiliaryListForm/>
			<AuxiliaryChoiceForm/>
			<ListPresentation/>
			<ExtendedListPresentation/>
			<Explanation/>
			<ChoiceHistoryOnInput>Auto</ChoiceHistoryOnInput>
		</Properties>
		<ChildObjects>
			<EnumValue uuid="88d0ecf3-4e55-41f3-bbc8-02b59586693d">
				<Properties>
					<Name>Сырье</Name>
					<Synonym>
						<v8:item>
							<v8:lang>ru</v8:lang>
							<v8:content>Сырье</v8:content>
						</v8:item>
					</Synonym>
					<Comment/>
				</Properties>
			</EnumValue>
			<EnumValue uuid="2dd3151f-0127-4aab-b32a-394aea62da58">
				<Properties>
					<Name>Полуфабрикат</Name>
					<Synonym>
						<v8:item>
							<v8:lang>ru</v8:lang>
							<v8:content>Полуфабрикат</v8:content>
						</v8:item>
					</Synonym>
					<Comment/>
				</Properties>
			</EnumValue>
			<EnumValue uuid="7aabab79-d933-4f00-b0a3-c816f5e26513">
				<Properties>
					<Name>Готовая_продукция</Name>
					<Synonym>
						<v8:item>
							<v8:lang>ru</v8:lang>
							<v8:content>Готовая_продукция</v8:content>
						</v8:item>
					</Synonym>
					<Comment/>
				</Properties>
			</EnumValue>
		</ChildObjects>
	</Enum>
</MetaDataObject>