﻿<?xml version="1.0" encoding="UTF-8"?>
<MetaDataObject xmlns="http://v8.1c.ru/8.3/MDClasses" xmlns:app="http://v8.1c.ru/8.2/managed-application/core" xmlns:cfg="http://v8.1c.ru/8.1/data/enterprise/current-config" xmlns:cmi="http://v8.1c.ru/8.2/managed-application/cmi" xmlns:ent="http://v8.1c.ru/8.1/data/enterprise" xmlns:lf="http://v8.1c.ru/8.2/managed-application/logform" xmlns:style="http://v8.1c.ru/8.1/data/ui/style" xmlns:sys="http://v8.1c.ru/8.1/data/ui/fonts/system" xmlns:v8="http://v8.1c.ru/8.1/data/core" xmlns:v8ui="http://v8.1c.ru/8.1/data/ui" xmlns:web="http://v8.1c.ru/8.1/data/ui/colors/web" xmlns:win="http://v8.1c.ru/8.1/data/ui/colors/windows" xmlns:xen="http://v8.1c.ru/8.3/xcf/enums" xmlns:xpr="http://v8.1c.ru/8.3/xcf/predef" xmlns:xr="http://v8.1c.ru/8.3/xcf/readable" xmlns:xs="http://www.w3.org/2001/XMLSchema" xmlns:xsi="http://www.w3.org/2001/XMLSchema-instance" version="2.19">
	<AccumulationRegister uuid="bb6d490d-71d7-4109-83d1-de71c0476149">
		<InternalInfo>
			<xr:GeneratedType name="AccumulationRegisterRecord.ВыпускГотовойПродукции" category="Record">
				<xr:TypeId>421191bc-9189-424c-a49b-132354f26251</xr:TypeId>
				<xr:ValueId>2342b59f-87f7-4014-92f5-f4d49be22ad9</xr:ValueId>
			</xr:GeneratedType>
			<xr:GeneratedType name="AccumulationRegisterManager.ВыпускГотовойПродукции" category="Manager">
				<xr:TypeId>48db3628-90df-4d72-a9a0-0cba34a4b42d</xr:TypeId>
				<xr:ValueId>0f9f3e33-bd0c-4917-913b-51b8dc52d14b</xr:ValueId>
			</xr:GeneratedType>
			<xr:GeneratedType name="AccumulationRegisterSelection.ВыпускГотовойПродукции" category="Selection">
				<xr:TypeId>e84114e1-481a-42c9-9957-70b163d5d9cc</xr:TypeId>
				<xr:ValueId>65c7bbf0-4877-4cb3-a011-5171d7e976de</xr:ValueId>
			</xr:GeneratedType>
			<xr:GeneratedType name="AccumulationRegisterList.ВыпускГотовойПродукции" category="List">
				<xr:TypeId>225b5229-19e3-4b31-b36a-f34f8fdf3c1b</xr:TypeId>
				<xr:ValueId>1363a569-fe95-417b-b6cc-29516c8904a4</xr:ValueId>
			</xr:GeneratedType>
			<xr:GeneratedType name="AccumulationRegisterRecordSet.ВыпускГотовойПродукции" category="RecordSet">
				<xr:TypeId>ffbb4e26-2cfe-4a85-8f87-689c83ee86b5</xr:TypeId>
				<xr:ValueId>8530b889-273c-4e79-b088-54837f488116</xr:ValueId>
			</xr:GeneratedType>
			<xr:GeneratedType name="AccumulationRegisterRecordKey.ВыпускГотовойПродукции" category="RecordKey">
				<xr:TypeId>d9c7ef87-73af-4979-97ca-415f96ba44a3</xr:TypeId>
				<xr:ValueId>3588a6eb-96f1-49f3-aae6-bb78d90e4185</xr:ValueId>
			</xr:GeneratedType>
		</InternalInfo>
		<Properties>
			<Name>ВыпускГотовойПродукции</Name>
			<Synonym>
				<v8:item>
					<v8:lang>ru</v8:lang>
					<v8:content>Выпуск готовой продукции</v8:content>
				</v8:item>
			</Synonym>
			<Comment/>
			<UseStandardCommands>true</UseStandardCommands>
			<DefaultListForm/>
			<AuxiliaryListForm/>
			<RegisterType>Balance</RegisterType>
			<IncludeHelpInContents>false</IncludeHelpInContents>
			<DataLockControlMode>Managed</DataLockControlMode>
			<FullTextSearch>DontUse</FullTextSearch>
			<EnableTotalsSplitting>true</EnableTotalsSplitting>
			<ListPresentation/>
			<ExtendedListPresentation/>
			<Explanation/>
		</Properties>
		<ChildObjects>
			<Resource uuid="3c8cac4e-24f9-4460-b97e-e948863b4412">
				<Properties>
					<Name>Количество</Name>
					<Synonym>
						<v8:item>
							<v8:lang>ru</v8:lang>
							<v8:content>Количество</v8:content>
						</v8:item>
					</Synonym>
					<Comment/>
					<Type>
						<v8:Type>xs:decimal</v8:Type>
						<v8:NumberQualifiers>
							<v8:Digits>10</v8:Digits>
							<v8:FractionDigits>0</v8:FractionDigits>
							<v8:AllowedSign>Nonnegative</v8:AllowedSign>
						</v8:NumberQualifiers>
					</Type>
					<PasswordMode>false</PasswordMode>
					<Format/>
					<EditFormat/>
					<ToolTip/>
					<MarkNegatives>false</MarkNegatives>
					<Mask/>
					<MultiLine>false</MultiLine>
					<ExtendedEdit>false</ExtendedEdit>
					<MinValue xsi:nil="true"/>
					<MaxValue xsi:nil="true"/>
					<FillChecking>DontCheck</FillChecking>
					<ChoiceFoldersAndItems>Items</ChoiceFoldersAndItems>
					<ChoiceParameterLinks/>
					<ChoiceParameters/>
					<QuickChoice>Auto</QuickChoice>
					<CreateOnInput>Auto</CreateOnInput>
					<ChoiceForm/>
					<LinkByType/>
					<ChoiceHistoryOnInput>Auto</ChoiceHistoryOnInput>
					<FullTextSearch>Use</FullTextSearch>
				</Properties>
			</Resource>
			<Dimension uuid="df260aa2-c258-40ff-a161-a9afe4af0401">
				<Properties>
					<Name>Номенклатура</Name>
					<Synonym>
						<v8:item>
							<v8:lang>ru</v8:lang>
							<v8:content>Номенклатура</v8:content>
						</v8:item>
					</Synonym>
					<Comment/>
					<Type>
						<v8:Type>cfg:CatalogRef.Номенклатура</v8:Type>
					</Type>
					<PasswordMode>false</PasswordMode>
					<Format/>
					<EditFormat/>
					<ToolTip/>
					<MarkNegatives>false</MarkNegatives>
					<Mask/>
					<MultiLine>false</MultiLine>
					<ExtendedEdit>false</ExtendedEdit>
					<MinValue xsi:nil="true"/>
					<MaxValue xsi:nil="true"/>
					<FillChecking>DontCheck</FillChecking>
					<ChoiceFoldersAndItems>Items</ChoiceFoldersAndItems>
					<ChoiceParameterLinks/>
					<ChoiceParameters/>
					<QuickChoice>Auto</QuickChoice>
					<CreateOnInput>Auto</CreateOnInput>
					<ChoiceForm/>
					<LinkByType/>
					<ChoiceHistoryOnInput>Auto</ChoiceHistoryOnInput>
					<DenyIncompleteValues>false</DenyIncompleteValues>
					<Indexing>DontIndex</Indexing>
					<FullTextSearch>Use</FullTextSearch>
					<UseInTotals>true</UseInTotals>
				</Properties>
			</Dimension>
		</ChildObjects>
	</AccumulationRegister>
</MetaDataObject>