﻿<?xml version="1.0" encoding="UTF-8"?>
<MetaDataObject xmlns="http://v8.1c.ru/8.3/MDClasses" xmlns:app="http://v8.1c.ru/8.2/managed-application/core" xmlns:cfg="http://v8.1c.ru/8.1/data/enterprise/current-config" xmlns:cmi="http://v8.1c.ru/8.2/managed-application/cmi" xmlns:ent="http://v8.1c.ru/8.1/data/enterprise" xmlns:lf="http://v8.1c.ru/8.2/managed-application/logform" xmlns:style="http://v8.1c.ru/8.1/data/ui/style" xmlns:sys="http://v8.1c.ru/8.1/data/ui/fonts/system" xmlns:v8="http://v8.1c.ru/8.1/data/core" xmlns:v8ui="http://v8.1c.ru/8.1/data/ui" xmlns:web="http://v8.1c.ru/8.1/data/ui/colors/web" xmlns:win="http://v8.1c.ru/8.1/data/ui/colors/windows" xmlns:xen="http://v8.1c.ru/8.3/xcf/enums" xmlns:xpr="http://v8.1c.ru/8.3/xcf/predef" xmlns:xr="http://v8.1c.ru/8.3/xcf/readable" xmlns:xs="http://www.w3.org/2001/XMLSchema" xmlns:xsi="http://www.w3.org/2001/XMLSchema-instance" version="2.20">
	<HTTPService uuid="2223e0b0-4084-46e2-8ab7-af7a9d869bf1">
		<Properties>
			<Name>ОбменДанными</Name>
			<Synonym>
				<v8:item>
					<v8:lang>ru</v8:lang>
					<v8:content>Обмен данными</v8:content>
				</v8:item>
			</Synonym>
			<Comment/>
			<RootURL>services</RootURL>
			<ReuseSessions>AutoUse</ReuseSessions>
			<SessionMaxAge>20</SessionMaxAge>
		</Properties>
		<ChildObjects>
			<URLTemplate uuid="9162f000-f1e9-4552-b107-b92e31eb623e">
				<Properties>
					<Name>ОстаткиСырья</Name>
					<Synonym>
						<v8:item>
							<v8:lang>ru</v8:lang>
							<v8:content>Остатки сырья</v8:content>
						</v8:item>
					</Synonym>
					<Comment/>
					<Template>/sir</Template>
				</Properties>
				<ChildObjects>
					<Method uuid="74221289-8691-46e2-8f8f-d414b7bd31cb">
						<Properties>
							<Name>ОтправкаОстаток</Name>
							<Synonym>
								<v8:item>
									<v8:lang>ru</v8:lang>
									<v8:content>Отправка остаток</v8:content>
								</v8:item>
							</Synonym>
							<Comment/>
							<HTTPMethod>GET</HTTPMethod>
							<Handler>ОстаткиСырьяОтправкаОстаток</Handler>
						</Properties>
					</Method>
				</ChildObjects>
			</URLTemplate>
		</ChildObjects>
	</HTTPService>
</MetaDataObject>