﻿<?xml version="1.0" encoding="UTF-8"?>
<MetaDataObject xmlns="http://v8.1c.ru/8.3/MDClasses" xmlns:app="http://v8.1c.ru/8.2/managed-application/core" xmlns:cfg="http://v8.1c.ru/8.1/data/enterprise/current-config" xmlns:cmi="http://v8.1c.ru/8.2/managed-application/cmi" xmlns:ent="http://v8.1c.ru/8.1/data/enterprise" xmlns:lf="http://v8.1c.ru/8.2/managed-application/logform" xmlns:style="http://v8.1c.ru/8.1/data/ui/style" xmlns:sys="http://v8.1c.ru/8.1/data/ui/fonts/system" xmlns:v8="http://v8.1c.ru/8.1/data/core" xmlns:v8ui="http://v8.1c.ru/8.1/data/ui" xmlns:web="http://v8.1c.ru/8.1/data/ui/colors/web" xmlns:win="http://v8.1c.ru/8.1/data/ui/colors/windows" xmlns:xen="http://v8.1c.ru/8.3/xcf/enums" xmlns:xpr="http://v8.1c.ru/8.3/xcf/predef" xmlns:xr="http://v8.1c.ru/8.3/xcf/readable" xmlns:xs="http://www.w3.org/2001/XMLSchema" xmlns:xsi="http://www.w3.org/2001/XMLSchema-instance" version="2.19">
	<DataProcessor uuid="6df25885-5f37-4c89-9a47-d3aad56c2916">
		<InternalInfo>
			<xr:GeneratedType name="DataProcessorObject.ПомощникПрогнозаПотребностей" category="Object">
				<xr:TypeId>be632372-667f-495a-a9e0-df0d1d9e94d8</xr:TypeId>
				<xr:ValueId>29668ee2-3398-4b11-9f7b-c08e75e19ae3</xr:ValueId>
			</xr:GeneratedType>
			<xr:GeneratedType name="DataProcessorManager.ПомощникПрогнозаПотребностей" category="Manager">
				<xr:TypeId>5dc6f158-1310-4a80-996c-712e8a090545</xr:TypeId>
				<xr:ValueId>68dea5ca-ebdf-41c0-bdbb-f849b35c0d9a</xr:ValueId>
			</xr:GeneratedType>
		</InternalInfo>
		<Properties>
			<Name>ПомощникПрогнозаПотребностей</Name>
			<Synonym>
				<v8:item>
					<v8:lang>ru</v8:lang>
					<v8:content>Помощник прогноза потребностей</v8:content>
				</v8:item>
			</Synonym>
			<Comment/>
			<UseStandardCommands>true</UseStandardCommands>
			<DefaultForm>DataProcessor.ПомощникПрогнозаПотребностей.Form.Форма</DefaultForm>
			<AuxiliaryForm/>
			<IncludeHelpInContents>false</IncludeHelpInContents>
			<ExtendedPresentation/>
			<Explanation/>
		</Properties>
		<ChildObjects>
			<Attribute uuid="ea2672f4-2668-4593-b780-654fc35a1f26">
				<Properties>
					<Name>ПериодПрогнозаМесяцев</Name>
					<Synonym>
						<v8:item>
							<v8:lang>ru</v8:lang>
							<v8:content>Период прогноза месяцев</v8:content>
						</v8:item>
					</Synonym>
					<Comment/>
					<Type>
						<v8:Type>xs:decimal</v8:Type>
						<v8:NumberQualifiers>
							<v8:Digits>2</v8:Digits>
							<v8:FractionDigits>0</v8:FractionDigits>
							<v8:AllowedSign>Nonnegative</v8:AllowedSign>
						</v8:NumberQualifiers>
					</Type>
					<PasswordMode>false</PasswordMode>
					<Format/>
					<EditFormat/>
					<ToolTip/>
					<MarkNegatives>false</MarkNegatives>
					<Mask/>
					<MultiLine>false</MultiLine>
					<ExtendedEdit>false</ExtendedEdit>
					<MinValue xsi:nil="true"/>
					<MaxValue xsi:nil="true"/>
					<FillChecking>DontCheck</FillChecking>
					<ChoiceFoldersAndItems>Items</ChoiceFoldersAndItems>
					<ChoiceParameterLinks/>
					<ChoiceParameters/>
					<QuickChoice>Auto</QuickChoice>
					<CreateOnInput>Auto</CreateOnInput>
					<ChoiceForm/>
					<LinkByType/>
					<ChoiceHistoryOnInput>Auto</ChoiceHistoryOnInput>
				</Properties>
			</Attribute>
			<TabularSection uuid="21fef192-f3b3-4d48-b2b6-152c8b58fb06">
				<InternalInfo>
					<xr:GeneratedType name="DataProcessorTabularSection.ПомощникПрогнозаПотребностей.ТЧРезультат" category="TabularSection">
						<xr:TypeId>5f0d4009-88f6-4d7d-83f1-f753dc6618e4</xr:TypeId>
						<xr:ValueId>524c8d2f-f86d-418c-9a8c-730293bc1a77</xr:ValueId>
					</xr:GeneratedType>
					<xr:GeneratedType name="DataProcessorTabularSectionRow.ПомощникПрогнозаПотребностей.ТЧРезультат" category="TabularSectionRow">
						<xr:TypeId>7747aec9-f29f-43a9-b5da-762ee05df331</xr:TypeId>
						<xr:ValueId>20f2de98-bd7c-4ce6-8962-bb93976a6ff6</xr:ValueId>
					</xr:GeneratedType>
				</InternalInfo>
				<Properties>
					<Name>ТЧРезультат</Name>
					<Synonym>
						<v8:item>
							<v8:lang>ru</v8:lang>
							<v8:content>Результат</v8:content>
						</v8:item>
					</Synonym>
					<Comment/>
					<ToolTip/>
					<FillChecking>DontCheck</FillChecking>
				</Properties>
				<ChildObjects>
					<Attribute uuid="f32e7df0-602f-40de-8230-86586b89bcbb">
						<Properties>
							<Name>Материал</Name>
							<Synonym>
								<v8:item>
									<v8:lang>ru</v8:lang>
									<v8:content>Материал</v8:content>
								</v8:item>
							</Synonym>
							<Comment/>
							<Type>
								<v8:Type>cfg:CatalogRef.Номенклатура</v8:Type>
							</Type>
							<PasswordMode>false</PasswordMode>
							<Format/>
							<EditFormat/>
							<ToolTip/>
							<MarkNegatives>false</MarkNegatives>
							<Mask/>
							<MultiLine>false</MultiLine>
							<ExtendedEdit>false</ExtendedEdit>
							<MinValue xsi:nil="true"/>
							<MaxValue xsi:nil="true"/>
							<FillFromFillingValue>false</FillFromFillingValue>
							<FillValue xsi:nil="true"/>
							<FillChecking>DontCheck</FillChecking>
							<ChoiceFoldersAndItems>Items</ChoiceFoldersAndItems>
							<ChoiceParameterLinks/>
							<ChoiceParameters/>
							<QuickChoice>Auto</QuickChoice>
							<CreateOnInput>Auto</CreateOnInput>
							<ChoiceForm/>
							<LinkByType/>
							<ChoiceHistoryOnInput>Auto</ChoiceHistoryOnInput>
						</Properties>
					</Attribute>
					<Attribute uuid="ee504e68-01c1-48f7-81cc-e7b9be26161e">
						<Properties>
							<Name>НаименованиеМатериала</Name>
							<Synonym>
								<v8:item>
									<v8:lang>ru</v8:lang>
									<v8:content>Наименование материала</v8:content>
								</v8:item>
							</Synonym>
							<Comment/>
							<Type>
								<v8:Type>xs:string</v8:Type>
								<v8:StringQualifiers>
									<v8:Length>100</v8:Length>
									<v8:AllowedLength>Variable</v8:AllowedLength>
								</v8:StringQualifiers>
							</Type>
							<PasswordMode>false</PasswordMode>
							<Format/>
							<EditFormat/>
							<ToolTip/>
							<MarkNegatives>false</MarkNegatives>
							<Mask/>
							<MultiLine>false</MultiLine>
							<ExtendedEdit>false</ExtendedEdit>
							<MinValue xsi:nil="true"/>
							<MaxValue xsi:nil="true"/>
							<FillFromFillingValue>false</FillFromFillingValue>
							<FillValue xsi:type="xs:string"/>
							<FillChecking>DontCheck</FillChecking>
							<ChoiceFoldersAndItems>Items</ChoiceFoldersAndItems>
							<ChoiceParameterLinks/>
							<ChoiceParameters/>
							<QuickChoice>Auto</QuickChoice>
							<CreateOnInput>Auto</CreateOnInput>
							<ChoiceForm/>
							<LinkByType/>
							<ChoiceHistoryOnInput>Auto</ChoiceHistoryOnInput>
						</Properties>
					</Attribute>
					<Attribute uuid="a06dcf38-e966-433c-8b4c-ab6f6870ea55">
						<Properties>
							<Name>Месяц</Name>
							<Synonym>
								<v8:item>
									<v8:lang>ru</v8:lang>
									<v8:content>Месяц</v8:content>
								</v8:item>
							</Synonym>
							<Comment/>
							<Type>
								<v8:Type>xs:dateTime</v8:Type>
								<v8:DateQualifiers>
									<v8:DateFractions>Date</v8:DateFractions>
								</v8:DateQualifiers>
							</Type>
							<PasswordMode>false</PasswordMode>
							<Format/>
							<EditFormat/>
							<ToolTip/>
							<MarkNegatives>false</MarkNegatives>
							<Mask/>
							<MultiLine>false</MultiLine>
							<ExtendedEdit>false</ExtendedEdit>
							<MinValue xsi:nil="true"/>
							<MaxValue xsi:nil="true"/>
							<FillFromFillingValue>false</FillFromFillingValue>
							<FillValue xsi:nil="true"/>
							<FillChecking>DontCheck</FillChecking>
							<ChoiceFoldersAndItems>Items</ChoiceFoldersAndItems>
							<ChoiceParameterLinks/>
							<ChoiceParameters/>
							<QuickChoice>Auto</QuickChoice>
							<CreateOnInput>Auto</CreateOnInput>
							<ChoiceForm/>
							<LinkByType/>
							<ChoiceHistoryOnInput>Auto</ChoiceHistoryOnInput>
						</Properties>
					</Attribute>
					<Attribute uuid="cc79e221-9c03-4302-85d9-33d73c0129a3">
						<Properties>
							<Name>Потребность</Name>
							<Synonym>
								<v8:item>
									<v8:lang>ru</v8:lang>
									<v8:content>Потребность</v8:content>
								</v8:item>
							</Synonym>
							<Comment/>
							<Type>
								<v8:Type>xs:decimal</v8:Type>
								<v8:NumberQualifiers>
									<v8:Digits>15</v8:Digits>
									<v8:FractionDigits>0</v8:FractionDigits>
									<v8:AllowedSign>Nonnegative</v8:AllowedSign>
								</v8:NumberQualifiers>
							</Type>
							<PasswordMode>false</PasswordMode>
							<Format/>
							<EditFormat/>
							<ToolTip/>
							<MarkNegatives>false</MarkNegatives>
							<Mask/>
							<MultiLine>false</MultiLine>
							<ExtendedEdit>false</ExtendedEdit>
							<MinValue xsi:nil="true"/>
							<MaxValue xsi:nil="true"/>
							<FillFromFillingValue>false</FillFromFillingValue>
							<FillValue xsi:nil="true"/>
							<FillChecking>DontCheck</FillChecking>
							<ChoiceFoldersAndItems>Items</ChoiceFoldersAndItems>
							<ChoiceParameterLinks/>
							<ChoiceParameters/>
							<QuickChoice>Auto</QuickChoice>
							<CreateOnInput>Auto</CreateOnInput>
							<ChoiceForm/>
							<LinkByType/>
							<ChoiceHistoryOnInput>Auto</ChoiceHistoryOnInput>
						</Properties>
					</Attribute>
					<Attribute uuid="909ee128-d004-435c-a7d9-d362f44f43a8">
						<Properties>
							<Name>ПроцентУверенности</Name>
							<Synonym>
								<v8:item>
									<v8:lang>ru</v8:lang>
									<v8:content>Процент уверенности</v8:content>
								</v8:item>
							</Synonym>
							<Comment/>
							<Type>
								<v8:Type>xs:decimal</v8:Type>
								<v8:NumberQualifiers>
									<v8:Digits>5</v8:Digits>
									<v8:FractionDigits>2</v8:FractionDigits>
									<v8:AllowedSign>Nonnegative</v8:AllowedSign>
								</v8:NumberQualifiers>
							</Type>
							<PasswordMode>false</PasswordMode>
							<Format/>
							<EditFormat/>
							<ToolTip/>
							<MarkNegatives>false</MarkNegatives>
							<Mask/>
							<MultiLine>false</MultiLine>
							<ExtendedEdit>false</ExtendedEdit>
							<MinValue xsi:nil="true"/>
							<MaxValue xsi:nil="true"/>
							<FillFromFillingValue>false</FillFromFillingValue>
							<FillValue xsi:nil="true"/>
							<FillChecking>DontCheck</FillChecking>
							<ChoiceFoldersAndItems>Items</ChoiceFoldersAndItems>
							<ChoiceParameterLinks/>
							<ChoiceParameters/>
							<QuickChoice>Auto</QuickChoice>
							<CreateOnInput>Auto</CreateOnInput>
							<ChoiceForm/>
							<LinkByType/>
							<ChoiceHistoryOnInput>Auto</ChoiceHistoryOnInput>
						</Properties>
					</Attribute>
					<Attribute uuid="2bfffcdf-0a07-4bde-9578-f034e966619b">
						<Properties>
							<Name>ТекущийОстаток</Name>
							<Synonym>
								<v8:item>
									<v8:lang>ru</v8:lang>
									<v8:content>Текущий остаток</v8:content>
								</v8:item>
							</Synonym>
							<Comment/>
							<Type>
								<v8:Type>xs:decimal</v8:Type>
								<v8:NumberQualifiers>
									<v8:Digits>15</v8:Digits>
									<v8:FractionDigits>0</v8:FractionDigits>
									<v8:AllowedSign>Any</v8:AllowedSign>
								</v8:NumberQualifiers>
							</Type>
							<PasswordMode>false</PasswordMode>
							<Format/>
							<EditFormat/>
							<ToolTip/>
							<MarkNegatives>false</MarkNegatives>
							<Mask/>
							<MultiLine>false</MultiLine>
							<ExtendedEdit>false</ExtendedEdit>
							<MinValue xsi:nil="true"/>
							<MaxValue xsi:nil="true"/>
							<FillFromFillingValue>false</FillFromFillingValue>
							<FillValue xsi:nil="true"/>
							<FillChecking>DontCheck</FillChecking>
							<ChoiceFoldersAndItems>Items</ChoiceFoldersAndItems>
							<ChoiceParameterLinks/>
							<ChoiceParameters/>
							<QuickChoice>Auto</QuickChoice>
							<CreateOnInput>Auto</CreateOnInput>
							<ChoiceForm/>
							<LinkByType/>
							<ChoiceHistoryOnInput>Auto</ChoiceHistoryOnInput>
						</Properties>
					</Attribute>
					<Attribute uuid="25a2c944-c0d1-466e-ae07-035395282b7e">
						<Properties>
							<Name>ПрогнозОстатка</Name>
							<Synonym>
								<v8:item>
									<v8:lang>ru</v8:lang>
									<v8:content>Прогноз остатка</v8:content>
								</v8:item>
							</Synonym>
							<Comment/>
							<Type>
								<v8:Type>xs:decimal</v8:Type>
								<v8:NumberQualifiers>
									<v8:Digits>15</v8:Digits>
									<v8:FractionDigits>0</v8:FractionDigits>
									<v8:AllowedSign>Any</v8:AllowedSign>
								</v8:NumberQualifiers>
							</Type>
							<PasswordMode>false</PasswordMode>
							<Format/>
							<EditFormat/>
							<ToolTip/>
							<MarkNegatives>false</MarkNegatives>
							<Mask/>
							<MultiLine>false</MultiLine>
							<ExtendedEdit>false</ExtendedEdit>
							<MinValue xsi:nil="true"/>
							<MaxValue xsi:nil="true"/>
							<FillFromFillingValue>false</FillFromFillingValue>
							<FillValue xsi:nil="true"/>
							<FillChecking>DontCheck</FillChecking>
							<ChoiceFoldersAndItems>Items</ChoiceFoldersAndItems>
							<ChoiceParameterLinks/>
							<ChoiceParameters/>
							<QuickChoice>Auto</QuickChoice>
							<CreateOnInput>Auto</CreateOnInput>
							<ChoiceForm/>
							<LinkByType/>
							<ChoiceHistoryOnInput>Auto</ChoiceHistoryOnInput>
						</Properties>
					</Attribute>
				</ChildObjects>
			</TabularSection>
			<Form>Форма</Form>
		</ChildObjects>
	</DataProcessor>
</MetaDataObject>