﻿<?xml version="1.0" encoding="UTF-8"?>
<MetaDataObject xmlns="http://v8.1c.ru/8.3/MDClasses" xmlns:app="http://v8.1c.ru/8.2/managed-application/core" xmlns:cfg="http://v8.1c.ru/8.1/data/enterprise/current-config" xmlns:cmi="http://v8.1c.ru/8.2/managed-application/cmi" xmlns:ent="http://v8.1c.ru/8.1/data/enterprise" xmlns:lf="http://v8.1c.ru/8.2/managed-application/logform" xmlns:style="http://v8.1c.ru/8.1/data/ui/style" xmlns:sys="http://v8.1c.ru/8.1/data/ui/fonts/system" xmlns:v8="http://v8.1c.ru/8.1/data/core" xmlns:v8ui="http://v8.1c.ru/8.1/data/ui" xmlns:web="http://v8.1c.ru/8.1/data/ui/colors/web" xmlns:win="http://v8.1c.ru/8.1/data/ui/colors/windows" xmlns:xen="http://v8.1c.ru/8.3/xcf/enums" xmlns:xpr="http://v8.1c.ru/8.3/xcf/predef" xmlns:xr="http://v8.1c.ru/8.3/xcf/readable" xmlns:xs="http://www.w3.org/2001/XMLSchema" xmlns:xsi="http://www.w3.org/2001/XMLSchema-instance" version="2.19">
	<Subsystem uuid="6fdf6b1d-07b4-4d34-9c28-6c83c7862bae">
		<Properties>
			<Name>Справочники</Name>
			<Synonym>
				<v8:item>
					<v8:lang>ru</v8:lang>
					<v8:content>Справочники</v8:content>
				</v8:item>
			</Synonym>
			<Comment/>
			<IncludeHelpInContents>true</IncludeHelpInContents>
			<IncludeInCommandInterface>true</IncludeInCommandInterface>
			<UseOneCommand>false</UseOneCommand>
			<Explanation/>
			<Picture/>
			<Content>
				<xr:Item xsi:type="xr:MDObjectRef">Catalog.Номенклатура</xr:Item>
				<xr:Item xsi:type="xr:MDObjectRef">Catalog.Цех</xr:Item>
				<xr:Item xsi:type="xr:MDObjectRef">Catalog.Оборудование</xr:Item>
				<xr:Item xsi:type="xr:MDObjectRef">Catalog.Рабочая_бригада</xr:Item>
				<xr:Item xsi:type="xr:MDObjectRef">Catalog.Спецификации</xr:Item>
				<xr:Item xsi:type="xr:MDObjectRef">Catalog.Этапы</xr:Item>
				<xr:Item xsi:type="xr:MDObjectRef">Catalog.СкладГотовойПродукции</xr:Item>
				<xr:Item xsi:type="xr:MDObjectRef">Catalog.СкладМатериалов</xr:Item>
				<xr:Item xsi:type="xr:MDObjectRef">Catalog.СтоимостьЧаса</xr:Item>
			</Content>
		</Properties>
		<ChildObjects/>
	</Subsystem>
</MetaDataObject>