﻿<?xml version="1.0" encoding="UTF-8"?>
<MetaDataObject xmlns="http://v8.1c.ru/8.3/MDClasses" xmlns:app="http://v8.1c.ru/8.2/managed-application/core" xmlns:cfg="http://v8.1c.ru/8.1/data/enterprise/current-config" xmlns:cmi="http://v8.1c.ru/8.2/managed-application/cmi" xmlns:ent="http://v8.1c.ru/8.1/data/enterprise" xmlns:lf="http://v8.1c.ru/8.2/managed-application/logform" xmlns:style="http://v8.1c.ru/8.1/data/ui/style" xmlns:sys="http://v8.1c.ru/8.1/data/ui/fonts/system" xmlns:v8="http://v8.1c.ru/8.1/data/core" xmlns:v8ui="http://v8.1c.ru/8.1/data/ui" xmlns:web="http://v8.1c.ru/8.1/data/ui/colors/web" xmlns:win="http://v8.1c.ru/8.1/data/ui/colors/windows" xmlns:xen="http://v8.1c.ru/8.3/xcf/enums" xmlns:xpr="http://v8.1c.ru/8.3/xcf/predef" xmlns:xr="http://v8.1c.ru/8.3/xcf/readable" xmlns:xs="http://www.w3.org/2001/XMLSchema" xmlns:xsi="http://www.w3.org/2001/XMLSchema-instance" version="2.20">
	<Enum uuid="626d39a5-9498-48c4-94b0-27344f00f329">
		<InternalInfo>
			<xr:GeneratedType name="EnumRef.Единица_измерения" category="Ref">
				<xr:TypeId>1e198caf-a67e-4854-84ab-afb51430c922</xr:TypeId>
				<xr:ValueId>421ebf3d-b6c6-4856-9be6-242771cdff08</xr:ValueId>
			</xr:GeneratedType>
			<xr:GeneratedType name="EnumManager.Единица_измерения" category="Manager">
				<xr:TypeId>af3997bb-ea7a-45a5-a311-e7b23b9ac369</xr:TypeId>
				<xr:ValueId>31687c31-8ab3-442c-9fd0-5e32aa6f67c6</xr:ValueId>
			</xr:GeneratedType>
			<xr:GeneratedType name="EnumList.Единица_измерения" category="List">
				<xr:TypeId>3dfadfad-f586-4b53-bcd3-07e672bb8d7d</xr:TypeId>
				<xr:ValueId>a8100d31-20e4-4b16-9847-7bf31dd41924</xr:ValueId>
			</xr:GeneratedType>
		</InternalInfo>
		<Properties>
			<Name>Единица_измерения</Name>
			<Synonym>
				<v8:item>
					<v8:lang>ru</v8:lang>
					<v8:content>Единица измерения</v8:content>
				</v8:item>
			</Synonym>
			<Comment/>
			<UseStandardCommands>false</UseStandardCommands>
			<Characteristics/>
			<QuickChoice>true</QuickChoice>
			<ChoiceMode>BothWays</ChoiceMode>
			<DefaultListForm/>
			<DefaultChoiceForm/>
			<AuxiliaryListForm/>
			<AuxiliaryChoiceForm/>
			<ListPresentation/>
			<ExtendedListPresentation/>
			<Explanation/>
			<ChoiceHistoryOnInput>Auto</ChoiceHistoryOnInput>
		</Properties>
		<ChildObjects>
			<EnumValue uuid="e8839df3-56aa-4e64-93eb-efe8005aff71">
				<Properties>
					<Name>кг</Name>
					<Synonym>
						<v8:item>
							<v8:lang>ru</v8:lang>
							<v8:content>кг</v8:content>
						</v8:item>
					</Synonym>
					<Comment/>
				</Properties>
			</EnumValue>
			<EnumValue uuid="95d367e9-264d-49db-9bfc-150f73bc9276">
				<Properties>
					<Name>шт</Name>
					<Synonym>
						<v8:item>
							<v8:lang>ru</v8:lang>
							<v8:content>шт</v8:content>
						</v8:item>
					</Synonym>
					<Comment/>
				</Properties>
			</EnumValue>
			<EnumValue uuid="11592087-9e08-4063-88b0-cd3ae61aca17">
				<Properties>
					<Name>л</Name>
					<Synonym>
						<v8:item>
							<v8:lang>ru</v8:lang>
							<v8:content>л</v8:content>
						</v8:item>
					</Synonym>
					<Comment/>
				</Properties>
			</EnumValue>
			<EnumValue uuid="e277b52e-c943-4e33-9232-6b6e4c1b559e">
				<Properties>
					<Name>комплект</Name>
					<Synonym>
						<v8:item>
							<v8:lang>ru</v8:lang>
							<v8:content>комплект</v8:content>
						</v8:item>
					</Synonym>
					<Comment/>
				</Properties>
			</EnumValue>
		</ChildObjects>
	</Enum>
</MetaDataObject>