﻿<?xml version="1.0" encoding="UTF-8"?>
<MetaDataObject xmlns="http://v8.1c.ru/8.3/MDClasses" xmlns:app="http://v8.1c.ru/8.2/managed-application/core" xmlns:cfg="http://v8.1c.ru/8.1/data/enterprise/current-config" xmlns:cmi="http://v8.1c.ru/8.2/managed-application/cmi" xmlns:ent="http://v8.1c.ru/8.1/data/enterprise" xmlns:lf="http://v8.1c.ru/8.2/managed-application/logform" xmlns:style="http://v8.1c.ru/8.1/data/ui/style" xmlns:sys="http://v8.1c.ru/8.1/data/ui/fonts/system" xmlns:v8="http://v8.1c.ru/8.1/data/core" xmlns:v8ui="http://v8.1c.ru/8.1/data/ui" xmlns:web="http://v8.1c.ru/8.1/data/ui/colors/web" xmlns:win="http://v8.1c.ru/8.1/data/ui/colors/windows" xmlns:xen="http://v8.1c.ru/8.3/xcf/enums" xmlns:xpr="http://v8.1c.ru/8.3/xcf/predef" xmlns:xr="http://v8.1c.ru/8.3/xcf/readable" xmlns:xs="http://www.w3.org/2001/XMLSchema" xmlns:xsi="http://www.w3.org/2001/XMLSchema-instance" version="2.20">
	<Enum uuid="a097769d-dec4-4118-8b6c-be59292362a4">
		<InternalInfo>
			<xr:GeneratedType name="EnumRef.Статус" category="Ref">
				<xr:TypeId>0c1fd970-f092-438b-b38a-5b5007b55c76</xr:TypeId>
				<xr:ValueId>7a8e0ca3-8836-42de-980a-31f94d779d50</xr:ValueId>
			</xr:GeneratedType>
			<xr:GeneratedType name="EnumManager.Статус" category="Manager">
				<xr:TypeId>c8ef4430-3047-468f-be2a-380d407b33bc</xr:TypeId>
				<xr:ValueId>34652a7c-2d88-4428-8e31-a077de0b4845</xr:ValueId>
			</xr:GeneratedType>
			<xr:GeneratedType name="EnumList.Статус" category="List">
				<xr:TypeId>2df1d8e8-87fb-497b-a8c4-02397fc1edd5</xr:TypeId>
				<xr:ValueId>7bd115fe-0fae-4cf7-9969-592b977c4ca2</xr:ValueId>
			</xr:GeneratedType>
		</InternalInfo>
		<Properties>
			<Name>Статус</Name>
			<Synonym>
				<v8:item>
					<v8:lang>ru</v8:lang>
					<v8:content>Статус</v8:content>
				</v8:item>
			</Synonym>
			<Comment/>
			<UseStandardCommands>false</UseStandardCommands>
			<Characteristics/>
			<QuickChoice>true</QuickChoice>
			<ChoiceMode>BothWays</ChoiceMode>
			<DefaultListForm/>
			<DefaultChoiceForm/>
			<AuxiliaryListForm/>
			<AuxiliaryChoiceForm/>
			<ListPresentation/>
			<ExtendedListPresentation/>
			<Explanation/>
			<ChoiceHistoryOnInput>Auto</ChoiceHistoryOnInput>
		</Properties>
		<ChildObjects>
			<EnumValue uuid="49d23de3-f616-478c-9d95-e2c07f44d374">
				<Properties>
					<Name>Активная</Name>
					<Synonym>
						<v8:item>
							<v8:lang>ru</v8:lang>
							<v8:content>Активная</v8:content>
						</v8:item>
					</Synonym>
					<Comment/>
				</Properties>
			</EnumValue>
			<EnumValue uuid="cef08b13-6620-43fb-b351-5dc10a37e1fd">
				<Properties>
					<Name>Архивная</Name>
					<Synonym>
						<v8:item>
							<v8:lang>ru</v8:lang>
							<v8:content>Архивная</v8:content>
						</v8:item>
					</Synonym>
					<Comment/>
				</Properties>
			</EnumValue>
		</ChildObjects>
	</Enum>
</MetaDataObject>