﻿<?xml version="1.0" encoding="UTF-8"?>
<ConfigDumpInfo xmlns="http://v8.1c.ru/8.3/xcf/dumpinfo" xmlns:xen="http://v8.1c.ru/8.3/xcf/enums" xmlns:xs="http://www.w3.org/2001/XMLSchema" xmlns:xsi="http://www.w3.org/2001/XMLSchema-instance" format="Hierarchical" version="2.19">
	<ConfigVersions>
		<Metadata name="AccumulationRegister.ВыпускГотовойПродукции" id="bb6d490d-71d7-4109-83d1-de71c0476149" configVersion="e0f8654af7a7754d8bf8dcf8fef8721b00000000">
			<Metadata name="AccumulationRegister.ВыпускГотовойПродукции.Resource.Количество" id="3c8cac4e-24f9-4460-b97e-e948863b4412"/>
			<Metadata name="AccumulationRegister.ВыпускГотовойПродукции.Dimension.Номенклатура" id="df260aa2-c258-40ff-a161-a9afe4af0401"/>
		</Metadata>
		<Metadata name="AccumulationRegister.РасчетСебестоимости" id="262f322c-dcf2-40ac-a4d2-171f5b1bbb58" configVersion="850e2d63855d1446ba48127235bae3eb00000000">
			<Metadata name="AccumulationRegister.РасчетСебестоимости.Dimension.Трудозатраты" id="242ec8d5-8700-45f9-a6d6-fab9be581e3f"/>
			<Metadata name="AccumulationRegister.РасчетСебестоимости.Resource.ТрудозатратыСумма" id="248be8c8-9552-45ae-800f-c168d7e5ace2"/>
			<Metadata name="AccumulationRegister.РасчетСебестоимости.Dimension.Номенклатура" id="c44ead95-12e8-48da-8f5e-95b75223069c"/>
			<Metadata name="AccumulationRegister.РасчетСебестоимости.Dimension.Материалы" id="c6229dd1-783c-4578-b34d-f6a0d1bfc5a1"/>
			<Metadata name="AccumulationRegister.РасчетСебестоимости.Resource.Сумма" id="c95d2a8c-5b3b-4b6a-b409-967a206c4ca6"/>
		</Metadata>
		<Metadata name="AccumulationRegister.СкладГотовойПродукции" id="9031ea64-03df-45d3-a7c9-74ae015b0e87" configVersion="a92fd1afd902694db4379f2e46833d9700000000">
			<Metadata name="AccumulationRegister.СкладГотовойПродукции.Dimension.Склад" id="166580e8-7c43-4e58-9162-d665eb0fb16a"/>
			<Metadata name="AccumulationRegister.СкладГотовойПродукции.Dimension.Номенклатура" id="2c005524-a3e2-4df5-80fb-543fc8e773e2"/>
			<Metadata name="AccumulationRegister.СкладГотовойПродукции.Resource.Количество" id="5fb4b05d-1cd6-487e-abf9-454b769e44b8"/>
		</Metadata>
		<Metadata name="AccumulationRegister.СкладМатериалов" id="dc9cc941-91e3-4b16-a497-329b29e78c35" configVersion="99e7a9782072a840ac7a62eb4e76fdeb00000000">
			<Metadata name="AccumulationRegister.СкладМатериалов.Resource.Количество" id="60d54fba-e696-4ed9-9b1a-0a56be5d14d6"/>
			<Metadata name="AccumulationRegister.СкладМатериалов.Dimension.Номенклатура" id="7c4a8fc0-9ea5-4548-9b24-f585b6565935"/>
			<Metadata name="AccumulationRegister.СкладМатериалов.Dimension.Склад" id="b79834b2-f884-46ae-8f73-189a24d43533"/>
		</Metadata>
		<Metadata name="Catalog.Номенклатура" id="13c315c9-2003-4635-995a-4ef2a8f4be24" configVersion="45e1c88821dcb0468d09895b88fccbae00000000">
			<Metadata name="Catalog.Номенклатура.Attribute.ЕдиницаИзмерения" id="0720fe39-6c71-4de5-b173-ec2001a17ba1"/>
			<Metadata name="Catalog.Номенклатура.Attribute.Картинка" id="34935ae5-4a27-4b68-8632-71c3fbe398bb"/>
			<Metadata name="Catalog.Номенклатура.Attribute.Тип" id="76e8199a-16cd-4165-8b8f-29b4f1088188"/>
		</Metadata>
		<Metadata name="Catalog.Номенклатура.Form.ФормаСписка" id="7f7d42b0-318a-44ce-b2de-c4eb8ff3c79c" configVersion="7f6dde299057a94ca3556a65c68e8c1500000000"/>
		<Metadata name="Catalog.Номенклатура.Form.ФормаСписка.Form" id="7f7d42b0-318a-44ce-b2de-c4eb8ff3c79c.0" configVersion="c7583536851e064f82705f58a5e47aac00000000"/>
		<Metadata name="Catalog.Номенклатура.Form.ФормаЭлемента" id="aa4d4473-17e1-49fa-9329-94573561f179" configVersion="1bc87521d4ba3a4a894f43107b12d4cc00000000"/>
		<Metadata name="Catalog.Номенклатура.Form.ФормаЭлемента.Form" id="aa4d4473-17e1-49fa-9329-94573561f179.0" configVersion="eda51a8211e18441939a709c726dcba400000000"/>
		<Metadata name="Catalog.Номенклатура.Form.ФормаЭлемента1" id="7148202c-f214-4af6-9496-13383576be77" configVersion="3bd6e198df546a47984901ae25b4d28800000000"/>
		<Metadata name="Catalog.Номенклатура.Form.ФормаЭлемента1.Form" id="7148202c-f214-4af6-9496-13383576be77.0" configVersion="227f4a7e92f4314ab5cf39efa7e5d99000000000"/>
		<Metadata name="Catalog.Номенклатура.Predefined" id="13c315c9-2003-4635-995a-4ef2a8f4be24.1c" configVersion="1d8802b8a096e541960702ce370e400f00000000"/>
		<Metadata name="Catalog.Рабочая_бригада" id="d1495c18-97f8-42bd-81ce-92db3ddad7ce" configVersion="6cfdf8f58814d747bd8c591319072fd700000000"/>
		<Metadata name="Catalog.Рабочая_бригада.Form.ФормаСписка" id="fd0aee07-8b98-40e9-8733-91f26afa862b" configVersion="299d29c75ae476488a44c055f1960ae600000000"/>
		<Metadata name="Catalog.Рабочая_бригада.Form.ФормаСписка.Form" id="fd0aee07-8b98-40e9-8733-91f26afa862b.0" configVersion="cbb196f08db1464faf6f776e68143f4700000000"/>
		<Metadata name="Catalog.СкладГотовойПродукции" id="45e4df14-35c4-4e1d-a65c-739c140def35" configVersion="a5b53e59a14c014ba11d27fccb83027900000000"/>
		<Metadata name="Catalog.СкладМатериалов" id="7613ddc8-0d04-491c-be95-f0f2f9c76a42" configVersion="c83680cb6d3b2848a60341887c36b1e600000000"/>
		<Metadata name="Catalog.СтоимостьЧаса" id="603c646b-676a-4a48-88ab-e4ade89a54c8" configVersion="a337c791b409124788a03a0b5899501b00000000">
			<Metadata name="Catalog.СтоимостьЧаса.Attribute.СтоимостьЧаса" id="b6ca83d1-4e34-4bbe-90a9-4b1dd8137b1f"/>
		</Metadata>
		<Metadata name="Catalog.Этапы" id="dfc70327-5f54-4338-b0ba-5ac1a8ae62b5" configVersion="5bfe4ca5ae6edc45bf22361927b6631a00000000"/>
		<Metadata name="CommonModule.Клиентский" id="a1a37921-a09b-4d16-8515-7c112ed5547d" configVersion="f4cf6b3bc42f434fa75d9b05e05bed1100000000"/>
		<Metadata name="CommonModule.Клиентский.Module" id="a1a37921-a09b-4d16-8515-7c112ed5547d.0" configVersion="ef777eac8efdc54480b993f94b6c58ee00000000"/>
		<Metadata name="CommonModule.Серверный" id="91511d6a-05cb-4abf-b169-9c92f3c68b6e" configVersion="02d3cac2edb85a4f8e024b05ce3e960900000000"/>
		<Metadata name="CommonModule.Серверный.Module" id="91511d6a-05cb-4abf-b169-9c92f3c68b6e.0" configVersion="35b8a3fdcf62034d80b23fff5c8edfac00000000"/>
		<Metadata name="CommonPicture.Вода" id="c9802bf0-defa-4fe2-b1df-cc80037b7777" configVersion="a75896505b62514788e7fdb42b2bad6d00000000"/>
		<Metadata name="CommonPicture.Вода.Picture" id="c9802bf0-defa-4fe2-b1df-cc80037b7777.0" configVersion="825aaf1f0a7f284490e74ac030734eb100000000"/>
		<Metadata name="CommonPicture.Сок" id="a74c09d1-f311-46c3-8921-8f13d0ca34af" configVersion="ebb56ea1a073b945bdae68e5f31adc9900000000"/>
		<Metadata name="CommonPicture.Сок.Picture" id="a74c09d1-f311-46c3-8921-8f13d0ca34af.0" configVersion="44c73f456315f041b67bdcb035fc468600000000"/>
		<Metadata name="CommonPicture.Фрукты" id="c082cea6-0d8c-4fa7-ad92-2dfd0dac11c3" configVersion="678df9b4bd98ee409a0809230bbc60fd00000000"/>
		<Metadata name="CommonPicture.Фрукты.Picture" id="c082cea6-0d8c-4fa7-ad92-2dfd0dac11c3.0" configVersion="5e02de9dff201c4a9e5f7f9d5fa275d200000000"/>
		<Metadata name="Configuration.Конфигурация" id="c1486c42-d978-4626-bf78-a1be2de02dad" configVersion="4bb169a7de56cd4da5a38dc97b7efd9100000000"/>
		<Metadata name="Configuration.Конфигурация.HomePageWorkArea" id="9faabbc4-001b-47ab-9b37-7cbe832877b9.8" configVersion="ad24545e32af804ab025bc2f40ab024300000000"/>
		<Metadata name="Document.АктОБраке" id="63e3faf2-3ece-4c10-b56f-97a4aac5c72b" configVersion="9dc4221d638fec449d467b6dde0cf0dd00000000">
			<Metadata name="Document.АктОБраке.Attribute.ПричинаБрака" id="1f443d0f-2e85-4735-aeb9-c759ccf0d823"/>
			<Metadata name="Document.АктОБраке.TabularSection.ФотоБрака.Attribute.Комментарий" id="23739156-7ada-4d1f-94ea-4820eff8df84"/>
			<Metadata name="Document.АктОБраке.TabularSection.ФотоБрака.Attribute.АдресФото" id="703145e0-efb6-407b-9a13-5c7c714d9eab"/>
			<Metadata name="Document.АктОБраке.Attribute.КоличествоБрака" id="c6f0ad66-c161-4a16-8e14-b84bb9ab7049"/>
			<Metadata name="Document.АктОБраке.TabularSection.ФотоБрака" id="cc5c7776-42c7-4dca-9aa4-1e0f5486f434"/>
			<Metadata name="Document.АктОБраке.Attribute.Бригада" id="ce412264-37d9-4f33-9fe7-833bc5a848fd"/>
			<Metadata name="Document.АктОБраке.Attribute.ЭтапПроизводства" id="d8b5cc12-8e90-4d9a-8cdb-b1531eb26f3e"/>
			<Metadata name="Document.АктОБраке.Attribute.Изделие" id="e41313fa-cee0-489c-8850-cbb123f83077"/>
		</Metadata>
		<Metadata name="Document.АктОБраке.Form.ФормаДокумента" id="a3656c70-4313-4394-9808-5a863901301f" configVersion="d33b2c1422711a4681493adc3ef69f9200000000"/>
		<Metadata name="Document.АктОБраке.Form.ФормаДокумента.Form" id="a3656c70-4313-4394-9808-5a863901301f.0" configVersion="fb914614f9bd01418e3712290b72c73c00000000"/>
		<Metadata name="Document.ВыполениеЭтапаПроизводства" id="6983760b-dc0b-46ef-aec3-c0f636960f9f" configVersion="a28b410b97c5fd44bfcb3e0a71eda88400000000">
			<Metadata name="Document.ВыполениеЭтапаПроизводства.TabularSection.ЗатраченныеМатериалы" id="25986b92-4ae0-4b7c-8cc7-5c6641e9f3a2"/>
			<Metadata name="Document.ВыполениеЭтапаПроизводства.TabularSection.Трудозатраты.Attribute.Время" id="29c3e284-708f-4303-94ee-1d3d27a4d58b"/>
			<Metadata name="Document.ВыполениеЭтапаПроизводства.TabularSection.Трудозатраты.Attribute.ВидРаботы" id="2ae25b2b-fc12-4833-82a8-582e8e30e3ae"/>
			<Metadata name="Document.ВыполениеЭтапаПроизводства.Attribute.Номенклатура" id="2b708b25-cf64-4ebe-acd7-d3369ed5446a"/>
			<Metadata name="Document.ВыполениеЭтапаПроизводства.Attribute.Количество" id="36a60bfa-4474-4730-8ee9-322631e91f61"/>
			<Metadata name="Document.ВыполениеЭтапаПроизводства.TabularSection.ЗатраченныеМатериалы.Attribute.Количество" id="6e63f555-c678-4173-b0e8-3627a02e79ee"/>
			<Metadata name="Document.ВыполениеЭтапаПроизводства.TabularSection.Трудозатраты" id="8f3c235e-27e6-4c50-ae26-85b1ede5548d"/>
			<Metadata name="Document.ВыполениеЭтапаПроизводства.TabularSection.ЗатраченныеМатериалы.Attribute.ЕдиницаИзмерения" id="991a6996-9d34-4e77-8191-8540459e4417"/>
			<Metadata name="Document.ВыполениеЭтапаПроизводства.TabularSection.ЗатраченныеМатериалы.Attribute.Склад" id="9da810aa-bb59-418f-b45d-1f0f417cc1ea"/>
			<Metadata name="Document.ВыполениеЭтапаПроизводства.TabularSection.ЗатраченныеМатериалы.Attribute.ЗатраченныеМатериалы" id="a2a41d83-a48f-4397-be40-dab28e1daa06"/>
			<Metadata name="Document.ВыполениеЭтапаПроизводства.Attribute.Статус" id="bca8dca8-86be-445a-84e1-863df8a30e83"/>
			<Metadata name="Document.ВыполениеЭтапаПроизводства.Attribute.Склад" id="ca46f010-c4f3-4f46-951c-28e653de199c"/>
			<Metadata name="Document.ВыполениеЭтапаПроизводства.Attribute.Заказ" id="d517887f-7165-4693-84be-08dc2da195e3"/>
			<Metadata name="Document.ВыполениеЭтапаПроизводства.TabularSection.Трудозатраты.Attribute.Бригада" id="eca59ad5-1361-476d-84d8-b22be88d5935"/>
		</Metadata>
		<Metadata name="Document.ВыполениеЭтапаПроизводства.Form.ФормаДокумента" id="b47efef7-345a-4bab-86f5-c6e7fcfa493b" configVersion="8929577a2c3b6e428ff909d0f46555a900000000"/>
		<Metadata name="Document.ВыполениеЭтапаПроизводства.Form.ФормаДокумента.Form" id="b47efef7-345a-4bab-86f5-c6e7fcfa493b.0" configVersion="2acbff816c4ef349977fe982f12156fe00000000"/>
		<Metadata name="Document.ВыполениеЭтапаПроизводства.Form.ФормаСписка" id="070886a8-5ff5-48e3-9f55-8b5f1eaf38a8" configVersion="aac0ca9d0b535b49aa4a7e19016dbe1200000000"/>
		<Metadata name="Document.ВыполениеЭтапаПроизводства.Form.ФормаСписка.Form" id="070886a8-5ff5-48e3-9f55-8b5f1eaf38a8.0" configVersion="a1a94cd875d12d43942c701c6ffd887a00000000"/>
		<Metadata name="Document.ВыполениеЭтапаПроизводства.ObjectModule" id="6983760b-dc0b-46ef-aec3-c0f636960f9f.0" configVersion="67c651a1eea7d349952a1fcf999b9d6300000000"/>
		<Metadata name="Document.Заказ" id="a5f1681c-6191-4c83-94e2-83dfae925407" configVersion="fb5c5ffa05471c459a931447c1dd62a700000000">
			<Metadata name="Document.Заказ.TabularSection.СписокИзделий.Attribute.Номенклатура" id="055b2f1e-4652-45d3-810d-6d740df143ad"/>
			<Metadata name="Document.Заказ.TabularSection.СписокИзделий.Attribute.ЕдиницаИзмерения" id="914b0f1a-cfc2-42e9-ab42-4021d489a4ce"/>
			<Metadata name="Document.Заказ.TabularSection.СписокИзделий" id="a5990e30-5b36-4106-ae3a-c283ede06926"/>
			<Metadata name="Document.Заказ.TabularSection.СписокИзделий.Attribute.Количество" id="eedf0eeb-2559-421a-880e-61c765ea2fa7"/>
		</Metadata>
		<Metadata name="Document.Заказ.Form.ФормаДокумента" id="477880f8-951a-4b60-bd60-b029597c4b5c" configVersion="7adbf770f773ed4880e2d59bdc213b4f00000000"/>
		<Metadata name="Document.Заказ.Form.ФормаДокумента.Form" id="477880f8-951a-4b60-bd60-b029597c4b5c.0" configVersion="15ada9e5c54b654ca476b87114dad5fc00000000"/>
		<Metadata name="Document.Заказ.ObjectModule" id="a5f1681c-6191-4c83-94e2-83dfae925407.0" configVersion="c909867dd6c3a6448693140c18b3684b00000000"/>
		<Metadata name="Document.Закупка" id="b3a07205-87db-4662-be10-ab13147669e9" configVersion="9ae1b56bf3219e42b888ea22f5cfdb4800000000">
			<Metadata name="Document.Закупка.TabularSection.Закупка" id="1443b15b-4abc-4e89-923c-1a27011baa99"/>
			<Metadata name="Document.Закупка.TabularSection.Закупка.Attribute.Цена" id="15cc1538-ba39-427c-9ed6-24ead6fa5c18"/>
			<Metadata name="Document.Закупка.TabularSection.Закупка.Attribute.Количество" id="6b6eb259-1328-4419-bf48-a2d8aa76861e"/>
			<Metadata name="Document.Закупка.TabularSection.Закупка.Attribute.Материал" id="79fca514-0082-4825-b208-39567b97317f"/>
			<Metadata name="Document.Закупка.TabularSection.Закупка.Attribute.Сумма" id="8c56bd15-a4a9-49c2-a6b1-47fe6ad37e19"/>
			<Metadata name="Document.Закупка.Attribute.Склад" id="97160239-e994-4366-95e1-253a723b4051"/>
		</Metadata>
		<Metadata name="Document.Закупка.Form.ФормаДокумента" id="46cbf8bd-32b9-449c-86af-d5a807064afd" configVersion="be1df678a7aef34aac297094b611cfb000000000"/>
		<Metadata name="Document.Закупка.Form.ФормаДокумента.Form" id="46cbf8bd-32b9-449c-86af-d5a807064afd.0" configVersion="616249b0de189044b64673c11ac7948800000000"/>
		<Metadata name="Document.Закупка.ObjectModule" id="b3a07205-87db-4662-be10-ab13147669e9.0" configVersion="ea2f39ea2e288f43bf57f9e79cc11b8c00000000"/>
		<Metadata name="Document.Перенос" id="a8f5a415-f31a-4554-9a70-1ac892784978" configVersion="a456464334caff45a1ef1df930a15f8600000000">
			<Metadata name="Document.Перенос.Attribute.СкладОтправитель" id="3110a800-5376-4390-8e0d-1116f20038a2"/>
			<Metadata name="Document.Перенос.Attribute.СкладПриниматель" id="7d456cfe-f73e-4b27-8e5f-81ec3b5478d0"/>
			<Metadata name="Document.Перенос.TabularSection.Перенос" id="a545903c-6c68-47a9-8b87-208fa05fd1b6"/>
			<Metadata name="Document.Перенос.TabularSection.Перенос.Attribute.Количество" id="b3c6757d-4911-4a2e-8239-e052934d0fad"/>
			<Metadata name="Document.Перенос.TabularSection.Перенос.Attribute.Материал" id="bd60eb27-f787-4845-a87f-3e4c4f8add54"/>
		</Metadata>
		<Metadata name="Document.Перенос.Form.ФормаДокумента" id="6ba8b231-6bf9-4082-b531-c0a93c6fc864" configVersion="9c4a5c44c53d8149952e89839e8b08d300000000"/>
		<Metadata name="Document.Перенос.Form.ФормаДокумента.Form" id="6ba8b231-6bf9-4082-b531-c0a93c6fc864.0" configVersion="61de4878ed9f2246922003eb9047f97500000000"/>
		<Metadata name="Document.Перенос.ObjectModule" id="a8f5a415-f31a-4554-9a70-1ac892784978.0" configVersion="e8f463305fea2245bb8c9d8ca61d104b00000000"/>
		<Metadata name="Document.РасчетСебестоимости" id="0c930a4a-1c79-4b71-8237-7a796bccffaf" configVersion="afb109bcf8877b40bc3b0ff56a6038c300000000">
			<Metadata name="Document.РасчетСебестоимости.Attribute.Номенклатура" id="1b714b04-be53-463e-8e24-e16ebbee0a96"/>
			<Metadata name="Document.РасчетСебестоимости.TabularSection.Себестоимость.Attribute.Цена" id="5c561ae6-2a3c-4a8c-82be-66d4406f788d"/>
			<Metadata name="Document.РасчетСебестоимости.TabularSection.Себестоимость" id="84ced921-59b0-422a-b15f-1377484b6866"/>
			<Metadata name="Document.РасчетСебестоимости.TabularSection.Себестоимость.Attribute.Сумма" id="bac9ca46-82e9-4493-b186-99ee334d9c08"/>
			<Metadata name="Document.РасчетСебестоимости.TabularSection.Себестоимость.Attribute.Материал" id="cf3b740e-3edd-484b-99c8-7ffdeca743a4"/>
			<Metadata name="Document.РасчетСебестоимости.TabularSection.Себестоимость.Attribute.Трудозатраты" id="d91897ec-10be-4f70-b12c-38bc1a544b2a"/>
			<Metadata name="Document.РасчетСебестоимости.TabularSection.Себестоимость.Attribute.ВидРаботы" id="efc0edb6-8bf3-4f61-80a5-2431843e6f12"/>
			<Metadata name="Document.РасчетСебестоимости.TabularSection.Себестоимость.Attribute.Количество" id="feef23f5-cc4f-40ff-ac8f-5d1144dea4d7"/>
		</Metadata>
		<Metadata name="Document.РасчетСебестоимости.Form.ФормаДокумента" id="e148102a-a73d-4070-ab14-d811ee2a8488" configVersion="d4dc7e6b47bcd44492503a741316cc7200000000"/>
		<Metadata name="Document.РасчетСебестоимости.Form.ФормаДокумента.Form" id="e148102a-a73d-4070-ab14-d811ee2a8488.0" configVersion="d209b6183a5f39439de24fae5711a6c600000000"/>
		<Metadata name="Document.РасчетСебестоимости.ObjectModule" id="0c930a4a-1c79-4b71-8237-7a796bccffaf.0" configVersion="2095d57ff74ee04e86b086a149cd8fef00000000"/>
		<Metadata name="Enum.ЕдиницаИзмерения" id="626d39a5-9498-48c4-94b0-27344f00f329" configVersion="a40ab5cfb91f6048b8e154ce23a37dca00000000">
			<Metadata name="Enum.ЕдиницаИзмерения.EnumValue.Литры" id="11592087-9e08-4063-88b0-cd3ae61aca17"/>
			<Metadata name="Enum.ЕдиницаИзмерения.EnumValue.г" id="95d367e9-264d-49db-9bfc-150f73bc9276"/>
			<Metadata name="Enum.ЕдиницаИзмерения.EnumValue.т" id="97ee9d0b-eb2a-4cf7-b1f5-55fd7a4a6864"/>
			<Metadata name="Enum.ЕдиницаИзмерения.EnumValue.Объем" id="e277b52e-c943-4e33-9232-6b6e4c1b559e"/>
			<Metadata name="Enum.ЕдиницаИзмерения.EnumValue.кг" id="e8839df3-56aa-4e64-93eb-efe8005aff71"/>
		</Metadata>
		<Metadata name="Enum.Статус" id="a097769d-dec4-4118-8b6c-be59292362a4" configVersion="02118ae2fc13f84f84c3bac7b75e2b8200000000">
			<Metadata name="Enum.Статус.EnumValue.Активная" id="49d23de3-f616-478c-9d95-e2c07f44d374"/>
			<Metadata name="Enum.Статус.EnumValue.Архивная" id="cef08b13-6620-43fb-b351-5dc10a37e1fd"/>
		</Metadata>
		<Metadata name="Enum.СтатусЭтапаПроизводства" id="7ea40586-a886-4a5a-b53f-993f5e108d28" configVersion="37a298553177c241aae4a434707ef37c00000000">
			<Metadata name="Enum.СтатусЭтапаПроизводства.EnumValue.ВРаботе" id="69a5243e-12ff-4e17-a6be-de902fe5fce9"/>
			<Metadata name="Enum.СтатусЭтапаПроизводства.EnumValue.Запланирован" id="70fc3d92-f87b-400e-986b-792f78b9646e"/>
			<Metadata name="Enum.СтатусЭтапаПроизводства.EnumValue.Завершен" id="d140aa2f-a034-4916-ae65-de301194e422"/>
		</Metadata>
		<Metadata name="Enum.Тип" id="098896b4-8c4b-449b-b917-074ffee89537" configVersion="2cfe96e7aa34f44bb03bb8acbc26340800000000">
			<Metadata name="Enum.Тип.EnumValue.Сырье" id="25d18adc-8d95-49ac-9732-15a3de55b278"/>
			<Metadata name="Enum.Тип.EnumValue.Готовая_продукция" id="4770b66f-47fa-436b-9e9e-03b91955dcf6"/>
			<Metadata name="Enum.Тип.EnumValue.Полуфабрикат" id="facdfb6e-61b1-48ce-8eb5-185c30cfc6e5"/>
		</Metadata>
		<Metadata name="Enum.Тип.ManagerModule" id="098896b4-8c4b-449b-b917-074ffee89537.0" configVersion="c8cc8fc25549c9429a63d27de1ea166a00000000"/>
		<Metadata name="InformationRegister.Файлы" id="b092f893-3e7d-497c-a53d-ea38772250c4" configVersion="56b6b66e71082e4c8ec1ae8215db1a0200000000">
			<Metadata name="InformationRegister.Файлы.Dimension.Объект" id="27f1cc63-3db4-41b4-9ac0-c3699d95e649"/>
			<Metadata name="InformationRegister.Файлы.Attribute.РазмерФайла" id="492d7cbe-1ac4-4cdc-b173-03ab524e0a79"/>
			<Metadata name="InformationRegister.Файлы.Attribute.РасширениеФайла" id="52a37ede-99ee-4525-b34f-86695afed951"/>
			<Metadata name="InformationRegister.Файлы.Resource.ДанныеФайла" id="77f38f45-8c81-431d-bb02-35a91500359c"/>
		</Metadata>
		<Metadata name="InformationRegister.Файлы.ManagerModule" id="b092f893-3e7d-497c-a53d-ea38772250c4.2" configVersion="a2fedefbb08c194aac64c45fa1c1c19b00000000"/>
		<Metadata name="Language.Русский" id="838135ab-0bec-46c8-94ad-67a2f90d587b" configVersion="c4d2e87ca13db3448dce98f2294d9b2800000000"/>
		<Metadata name="Report.ОтчетГотовойПродукции" id="5cd9d102-38fa-4863-b0e8-3355ef18a2c3" configVersion="012c272aa085064cbe32e7a70295dc3400000000"/>
		<Metadata name="Report.ОтчетГотовойПродукции.Template.ОсновнаяСхемаКомпоновкиДанных" id="d0cdf76e-988a-45c5-a562-7fc006942318" configVersion="64fb51da70857046854d5fb75ac3730300000000"/>
		<Metadata name="Report.ОтчетГотовойПродукции.Template.ОсновнаяСхемаКомпоновкиДанных.Template" id="d0cdf76e-988a-45c5-a562-7fc006942318.0" configVersion="3fb0f0854983c0408d9af58554d772a500000000"/>
		<Metadata name="Report.ОтчетОстаткиМатериалов" id="accc3fd5-96a0-46eb-a752-9a85c53337ee" configVersion="ea9e35864edb374e8589038ed08a7c9200000000"/>
		<Metadata name="Report.ОтчетОстаткиМатериалов.Template.ОсновнаяСхемаКомпоновкиДанных" id="3a7da0f2-cc11-4b72-8c05-f043b06ae657" configVersion="bd241923e6f71f45a1c2c0ae6fc61bff00000000"/>
		<Metadata name="Report.ОтчетОстаткиМатериалов.Template.ОсновнаяСхемаКомпоновкиДанных.Template" id="3a7da0f2-cc11-4b72-8c05-f043b06ae657.0" configVersion="2130f5fbfb547444ba4cb883fd3844da00000000"/>
		<Metadata name="Report.ОтчетПоВыпускуГотовойПродукции" id="afd4ea55-de63-40f9-a22d-973ad524c747" configVersion="b6404da97013e84089c8d02f1f22120700000000"/>
		<Metadata name="Report.ОтчетПоВыпускуГотовойПродукции.Template.ОсновнаяСхемаКомпоновкиДанных" id="8ece5994-f684-4d35-ae17-56f332739382" configVersion="86b93ac8208f2d4aab0cf13ec619632c00000000"/>
		<Metadata name="Report.ОтчетПоВыпускуГотовойПродукции.Template.ОсновнаяСхемаКомпоновкиДанных.Template" id="8ece5994-f684-4d35-ae17-56f332739382.0" configVersion="e4ed02b36e4d7a4aaa32254defdddc1700000000"/>
		<Metadata name="Report.ОтчетПоСкладам" id="33365128-1ab5-4c0d-bb56-06e909733ef4" configVersion="3394d0c3a3d669449ff5ed9dde40cfcc00000000"/>
		<Metadata name="Report.ОтчетПоСкладам.Template.ОсновнаяСхемаКомпоновкиДанных" id="8592c335-49a9-451a-81ac-727e2a6e3187" configVersion="b11f27caa7e18944bca631a5c7fccb2e00000000"/>
		<Metadata name="Report.ОтчетПоСкладам.Template.ОсновнаяСхемаКомпоновкиДанных.Template" id="8592c335-49a9-451a-81ac-727e2a6e3187.0" configVersion="75c0e0511edad844a069f64776a084e400000000"/>
		<Metadata name="Report.ОтчетСебестоимостиВыпущенный" id="63ae616f-f90c-4812-8215-3a9e4c02cfbc" configVersion="940496983789f3458347b0f4754b651800000000"/>
		<Metadata name="Report.ОтчетСебестоимостиВыпущенный.Template.ОсновнаяСхемаКомпоновкиДанных" id="eb637878-9163-4343-bb75-f1fca3e3e57a" configVersion="a0a230cfe1c882418b3293bb38138b3800000000"/>
		<Metadata name="Report.ОтчетСебестоимостиВыпущенный.Template.ОсновнаяСхемаКомпоновкиДанных.Template" id="eb637878-9163-4343-bb75-f1fca3e3e57a.0" configVersion="7a7f4981e9f94e4da492bba6d1d522fd00000000"/>
		<Metadata name="Subsystem.Аналитика" id="0920bb7d-f555-45a1-bd15-26ef79f29aa9" configVersion="21f324723b9b2e49b78ca66930cc15e000000000"/>
		<Metadata name="Subsystem.Производство" id="0970ab84-da67-4e19-bd5b-cbe528785163" configVersion="ab8f13c2fd12ef40ac6bee76f101392800000000"/>
		<Metadata name="Subsystem.Прочее" id="f8842807-356b-4f42-9b5e-9a98514dfab8" configVersion="fe9974741df81a4f82c18b45c431ffbd00000000"/>
		<Metadata name="Subsystem.Склад" id="d5eb5247-8652-46ab-bf77-65afeaf7a0ad" configVersion="96a8b12e01489e479e253815df0f87e500000000"/>
	</ConfigVersions>
</ConfigDumpInfo>